{
    "todos": [
        {
            "id": 11,
            "task": "Sacar los perros a caminar",
            "isCompleted": false,
            "isImportant": false
        },
        {
            "id": 12,
            "task": "Sacar la basura",
            "isCompleted": false,
            "isImportant": false
        },
        {
            "id": 13,
            "task": "Lavar la loza",
            "isCompleted": false,
            "isImportant": false
        },
        {
            "id": 14,
            "task": "Sacudir el sofa",
            "isCompleted": false,
            "isImportant": false
        },
        {
            "id": 15,
            "task": "Entregar el taller",
            "isCompleted": false,
            "isImportant": false
        }
    ]
}